,VisuShrink_Soft_thresholding,VisuShrink_Hard_thresholding,VisuShrink_XT,BayesShrink_Soft_thresholding,BayesShrink_Hard_thresholding,BayesShrink_XT,thresholding_fct2_Soft_thresholding,thresholding_fct2_Hard_thresholding,thresholding_fct2_XT
EKI,0.9944703405052686,0.9943490343659512,0.9954246539573868,0.9965885614793942,0.9965885614793942,0.9965885614793942,0.994517287985566,0.994517287985566,0.9957855811815016
SSIM,0.9274469400338036,0.9274469400338036,0.7813301355665091,0.9864834193521392,0.9864834193521392,0.9864834193521392,0.9274469400338036,0.9274469400338036,0.9539059536244928
MSE,0.0001937857396516,0.0001937857396516,7.806046002324761e-05,6.135070078204153e-05,6.135070078204153e-05,6.135070078204153e-05,0.0001937857396516,0.0001937857396516,0.0001020062341346
PSNR,27.405647841486804,27.405647841486804,17.749151916826726,29.26244587895848,29.26244587895848,29.26244587895848,27.405647841486804,27.405647841486804,28.151212606730923
