img_name,Threshold_type,Threshold_function,EKI,SSIM,MSE,PSNR
cat_noise,VisuShrink,Soft_thresholding,0.5865864110463085,0.37918421417211456,0.03683928748008799,14.336887782161913
cat_noise,BayesShrink,Soft_thresholding,0.09149159273773946,0.5522294553418156,0.006162078557674549,22.102727693512602
cat_noise,thresholding_fct,Soft_thresholding,0.0914946565481796,0.5522340968377033,0.006161639108577791,22.10303742199397
cat_noise,VisuShrink,Hard_thresholding,0.5865864110463085,0.37918421417211456,0.03683928748008799,14.336887782161913
cat_noise,BayesShrink,Hard_thresholding,0.09082779297558505,0.5517629952927356,0.00693131833750805,21.591841546735676
cat_noise,thresholding_fct,Hard_thresholding,0.0914946565481796,0.5522340968377033,0.006161639108577791,22.10303742199397
cat_noise,VisuShrink,XT,0.3805425122757405,0.35192904565099076,0.07975147614735,10.982612696912762
cat_noise,BayesShrink,XT,0.5785900685143434,0.4448120249151209,0.026566905391385797,15.756590308255927
cat_noise,thresholding_fct,XT,0.09576923797002745,0.5551461726492993,0.006104623907775797,22.143410868065516
