img_name,Threshold_type,Threshold_function,EKI,SSIM,MSE,PSNR
cat_noise,VisuShrink,Soft_thresholding,0.10900978738926996,0.547360438700334,0.03065510504813579,15.134971913048911
cat_noise,BayesShrink,Soft_thresholding,0.09236294949048815,0.5488675289288691,0.028545999750294253,15.444547423426071
cat_noise,thresholding_fct,Soft_thresholding,0.09136529143858779,0.5488557201872704,0.02854621583123207,15.444514549326518
cat_noise,VisuShrink,Hard_thresholding,0.12260046727480937,0.4727570680889931,0.0652337295128267,11.85527791483041
cat_noise,BayesShrink,Hard_thresholding,0.09428206205982607,0.548885826754979,0.028544121655792943,15.444833163255876
cat_noise,thresholding_fct,Hard_thresholding,0.09136529143858779,0.5488557201872704,0.02854621583123207,15.444514549326518
cat_noise,VisuShrink,XT,0.6044212983417329,0.4632668158532652,0.0431235074903884,13.652859226411117
cat_noise,BayesShrink,XT,0.5799606235450845,0.46444447209949563,0.03645995268457983,14.381838992805825
cat_noise,thresholding_fct,XT,0.09928778365602202,0.5515837892339288,0.028373706071082264,15.470839345213584
