img_name,Threshold_type,Threshold_function,EKI,SSIM,MSE,PSNR
cat_noise,VisuShrink,Soft_thresholding,0.10092885223610294,0.5555622384914717,0.005925430248926392,22.272801097987703
cat_noise,BayesShrink,Soft_thresholding,0.5575098111841393,0.5288618322253033,0.0272253278708959,15.650268813917114
cat_noise,thresholding_fct,Soft_thresholding,0.0914946565481796,0.5522340968377033,0.006161639108577791,22.10303742199397
cat_noise,VisuShrink,Hard_thresholding,0.16729101318521775,0.5441820681967656,0.020925549811862468,16.79323122241704
cat_noise,BayesShrink,Hard_thresholding,0.6021126845445735,0.4026775315192844,0.038273102602676676,14.171063303387248
cat_noise,thresholding_fct,Hard_thresholding,0.0914946565481796,0.5522340968377033,0.006161639108577791,22.10303742199397
cat_noise,VisuShrink,XT,0.6170109385702337,0.4418152261271849,0.034937786815081924,14.567046094973406
cat_noise,BayesShrink,XT,0.5233100628010429,0.3657661996761891,0.07058780409074707,11.51270328319715
cat_noise,thresholding_fct,XT,0.09576923797002745,0.5551461726492993,0.006104623907775797,22.143410868065516
