img_name,Threshold_type,Threshold_function,EKI,SSIM,MSE,PSNR
cat_noise,VisuShrink,Soft_thresholding,0.10900978738926996,0.547360438700334,0.03065510504813579,15.134971913048911
cat_noise,BayesShrink,Soft_thresholding,0.5406828460770658,0.5513608514416216,0.03017949380738605,15.202880488050493
cat_noise,thresholding_fct,Soft_thresholding,0.09136529143858779,0.5488557201872704,0.02854621583123207,15.444514549326518
cat_noise,VisuShrink,Hard_thresholding,0.12260046727480937,0.4727570680889931,0.0652337295128267,11.85527791483041
cat_noise,BayesShrink,Hard_thresholding,0.5844995160595369,0.42860175202672773,0.037639245344322156,14.243590926327236
cat_noise,thresholding_fct,Hard_thresholding,0.09136529143858779,0.5488557201872704,0.02854621583123207,15.444514549326518
cat_noise,VisuShrink,XT,0.6044212983417329,0.4632668158532652,0.0431235074903884,13.652859226411117
cat_noise,BayesShrink,XT,0.5112518119712344,0.4038065930957847,0.04773960606464221,13.211211690045468
cat_noise,thresholding_fct,XT,0.09928778365602202,0.5515837892339288,0.028373706071082264,15.470839345213584
