,VisuShrink_Soft_thresholding,VisuShrink_Hard_thresholding,VisuShrink_XT,BayesShrink_Soft_thresholding,BayesShrink_Hard_thresholding,BayesShrink_XT,thresholding_fct_Soft_thresholding,thresholding_fct_Hard_thresholding,thresholding_fct_XT
EKI,0.5865864110463085,0.5865864110463085,0.3805425122757405,0.0914915927377394,0.090827792975585,0.5785900685143434,0.0914946565481796,0.0914946565481796,0.0957692379700274
SSIM,0.3791842141721145,0.3791842141721145,0.3519290456509907,0.5522294553418156,0.5517629952927356,0.4448120249151209,0.5522340968377033,0.5522340968377033,0.5551461726492993
MSE,0.0368392874800879,0.0368392874800879,0.07975147614735,0.0061620785576745,0.006931318337508,0.0265669053913857,0.0061616391085777,0.0061616391085777,0.0061046239077757
PSNR,14.336887782161911,14.336887782161911,10.982612696912762,22.1027276935126,21.59184154673568,15.756590308255928,22.10303742199397,22.10303742199397,22.14341086806552
