,VisuShrink_Soft_thresholding,VisuShrink_Hard_thresholding,VisuShrink_XT,BayesShrink_Soft_thresholding,BayesShrink_Hard_thresholding,BayesShrink_XT,thresholding_fct_Soft_thresholding,thresholding_fct_Hard_thresholding,thresholding_fct_XT
EKI,0.1090097873892699,0.1226004672748093,0.6044212983417329,0.5406828460770658,0.5844995160595369,0.5112518119712344,0.0913652914385877,0.0913652914385877,0.099287783656022
SSIM,0.547360438700334,0.4727570680889931,0.4632668158532652,0.5513608514416216,0.4286017520267277,0.4038065930957847,0.5488557201872704,0.5488557201872704,0.5515837892339288
MSE,0.0306551050481357,0.0652337295128267,0.0431235074903884,0.030179493807386,0.0376392453443221,0.0477396060646422,0.028546215831232,0.028546215831232,0.0283737060710822
PSNR,15.134971913048911,11.85527791483041,13.652859226411117,15.202880488050493,14.243590926327236,13.211211690045468,15.444514549326518,15.444514549326518,15.470839345213584
