,VisuShrink_Soft_thresholding,VisuShrink_Hard_thresholding,VisuShrink_XT,BayesShrink_Soft_thresholding,BayesShrink_Hard_thresholding,BayesShrink_XT,thresholding_fct_Soft_thresholding,thresholding_fct_Hard_thresholding,thresholding_fct_XT
EKI,0.1090097873892699,0.1226004672748093,0.6044212983417329,0.0923629494904881,0.094282062059826,0.5799606235450845,0.0913652914385877,0.0913652914385877,0.099287783656022
SSIM,0.547360438700334,0.4727570680889931,0.4632668158532652,0.5488675289288691,0.548885826754979,0.4644444720994956,0.5488557201872704,0.5488557201872704,0.5515837892339288
MSE,0.0306551050481357,0.0652337295128267,0.0431235074903884,0.0285459997502942,0.0285441216557929,0.0364599526845798,0.028546215831232,0.028546215831232,0.0283737060710822
PSNR,15.134971913048911,11.85527791483041,13.652859226411117,15.444547423426071,15.444833163255876,14.381838992805823,15.444514549326518,15.444514549326518,15.470839345213584
