,VisuShrink_Soft_thresholding,VisuShrink_Hard_thresholding,VisuShrink_XT,BayesShrink_Soft_thresholding,BayesShrink_Hard_thresholding,BayesShrink_XT,thresholding_fct_Soft_thresholding,thresholding_fct_Hard_thresholding,thresholding_fct_XT
EKI,0.1009288522361029,0.1672910131852177,0.6170109385702337,0.5575098111841393,0.6021126845445735,0.5233100628010429,0.0914946565481796,0.0914946565481796,0.0957692379700274
SSIM,0.5555622384914717,0.5441820681967656,0.4418152261271849,0.5288618322253033,0.4026775315192844,0.3657661996761891,0.5522340968377033,0.5522340968377033,0.5551461726492993
MSE,0.0059254302489263,0.0209255498118624,0.0349377868150819,0.0272253278708959,0.0382731026026766,0.070587804090747,0.0061616391085777,0.0061616391085777,0.0061046239077757
PSNR,22.272801097987703,16.79323122241704,14.567046094973406,15.650268813917114,14.171063303387248,11.51270328319715,22.10303742199397,22.10303742199397,22.14341086806552
