,db1,db2,sym2,bior1.1
EKI,0.998461506782062,0.9984566048767876,0.9984566048767876,0.998461506782062
SSIM,0.9923412989658315,0.9434624480191834,0.9434624480191834,0.9923412989658315
MSE,0.0004979639439047335,0.0008884937155382,0.0008884937155382,0.0004979639439047335
PSNR,34.10762753208272,32.24579404348665,32.24579404348665,34.10762753208272
