,db1,db2,sym2,bior1.1
EKI,0.9981451794170623,0.9981397175858456,0.9981397175858456,0.9981451794170623
SSIM,0.9724831228928679,0.9586497689098445,0.9586497689098445,0.9724831228928679
MSE,0.0007814653888365998,0.0013450066908234253,0.0013450066908234253,0.0007814653888365998
PSNR,31.81794896452639,30.510356774369136,30.510356774369136,31.81794896452639
