,paper,bayes,weiner,average,med,NLM
EKI,0.9981451794170623,0.9982561835615031,0.7383497770636802,0.6581856455780697,-0.14198280730630874,0.7414455405490745
SSIM,0.9724831228928679,0.9927463071857119,0.9654565485393353,0.9660887531482778,0.9706399438760349,0.7161931978753004
MSE,0.0007814653888365998,0.0006660196255668711,0.003077772814062552,0.0001998501922221046,0.0014731204967266857,0.0014974795019689095
PSNR,31.81794896452639,32.770773815440286,26.113327810103595,37.813323529911756,28.690436056185142,28.335175137134662
