,paper,bayes,weiner,average,med
EKI,0.998461506782062,0.9980848405176423,0.8061101259064791,0.4559493444081773,-0.25604008442228576
SSIM,0.9923412989658315,0.9534224704740724,0.9645549838177552,0.8797361716828647,0.9705616249680951
MSE,0.0004979639439047335,0.0007022927708062501,0.001905945637764225,0.000613498061019225,0.0012433226713524002
PSNR,34.10762753208272,32.17671176416256,27.271601114620072,32.20761650567741,29.322204726929293
